timestamp,access_token_last6,status,removed,error_type,error_code,error_message
2026-01-06T22:48:09.315532Z,682534,removed,true,,,
2026-01-06T22:48:10.402523Z,b3ca44,removed,true,,,
2026-01-06T22:48:10.985664Z,a12077,removed,true,,,
2026-01-06T22:48:11.573555Z,b01a9c,removed,true,,,
2026-01-06T22:48:12.308460Z,ddd6a4,removed,true,,,
2026-01-06T22:48:12.995080Z,998f25,removed,true,,,
2026-01-06T22:48:13.610688Z,c09389,removed,true,,,
2026-01-06T22:48:14.178324Z,2ac781,removed,true,,,
2026-01-06T22:48:14.739435Z,e139e2,removed,true,,,
2026-01-06T22:48:15.305207Z,c062f3,removed,true,,,
2026-01-06T22:48:15.975183Z,619170,removed,true,,,
2026-01-06T22:48:16.693903Z,f432a5,removed,true,,,
2026-01-06T22:48:17.270787Z,8d06d7,removed,true,,,
2026-01-06T22:48:17.919830Z,b17740,removed,true,,,
2026-01-06T22:48:18.539054Z,e4d541,removed,true,,,
2026-01-06T22:48:19.154922Z,7f2d1d,removed,true,,,
2026-01-06T22:48:19.866605Z,1739d7,removed,true,,,
2026-01-06T22:48:20.443841Z,940580,removed,true,,,
2026-01-06T22:48:21.013559Z,238efa,removed,true,,,
2026-01-06T22:48:21.539333Z,9a7394,removed,true,,,
2026-01-06T22:48:22.130937Z,12be99,removed,true,,,
2026-01-06T22:48:22.750086Z,336470,removed,true,,,
2026-01-06T22:48:23.342424Z,a40049,removed,true,,,
2026-01-06T22:48:24.001937Z,4eff3a,removed,true,,,
2026-01-06T22:48:24.579509Z,adbbb0,removed,true,,,
2026-01-06T22:48:25.171794Z,f3f231,removed,true,,,
2026-01-06T22:48:25.739105Z,9185b0,removed,true,,,
2026-01-06T22:48:26.293894Z,86f196,removed,true,,,
2026-01-06T22:48:26.972348Z,41cfae,removed,true,,,
2026-01-06T22:48:27.576122Z,9e5b95,removed,true,,,
2026-01-06T22:48:28.266994Z,577744,removed,true,,,
2026-01-06T22:48:28.839695Z,26e440,removed,true,,,
2026-01-06T22:48:29.406059Z,d09d91,removed,true,,,
2026-01-06T22:48:29.942721Z,cd7636,removed,true,,,
2026-01-06T22:48:30.502125Z,2bf125,removed,true,,,
2026-01-06T22:48:31.129563Z,eda366,removed,true,,,
2026-01-06T22:48:31.694933Z,724cd9,removed,true,,,
2026-01-06T22:48:32.271612Z,96a0ba,removed,true,,,
2026-01-06T22:48:32.924733Z,a2be4c,removed,true,,,
2026-01-06T22:48:33.486968Z,86abd2,removed,true,,,
2026-01-06T22:48:34.093689Z,69418b,removed,true,,,
2026-01-06T22:48:34.712045Z,780ce0,removed,true,,,
2026-01-06T22:48:35.309914Z,aeae92,removed,true,,,
2026-01-06T22:48:35.901861Z,f8b826,removed,true,,,
2026-01-06T22:48:36.660313Z,9e3b1b,removed,true,,,
2026-01-06T22:48:37.275839Z,e759f1,removed,true,,,
2026-01-06T22:48:37.889272Z,0ea8e5,removed,true,,,
2026-01-06T22:48:38.711525Z,432a47,removed,true,,,
2026-01-06T22:48:39.270408Z,19305b,removed,true,,,
2026-01-06T22:48:39.846667Z,ed6506,removed,true,,,
2026-01-06T22:48:40.422227Z,e3be26,removed,true,,,
2026-01-06T22:48:40.976870Z,f69282,removed,true,,,
2026-01-06T22:48:41.576924Z,ca1165,removed,true,,,
2026-01-06T22:48:42.394752Z,edb12c,removed,true,,,
2026-01-06T22:48:42.976902Z,88ed84,removed,true,,,
2026-01-06T22:48:43.622839Z,8ab150,removed,true,,,
2026-01-06T22:48:44.202494Z,f93e00,removed,true,,,
2026-01-06T22:48:44.855758Z,0819be,removed,true,,,
2026-01-06T22:48:45.411374Z,d5af7f,removed,true,,,
2026-01-06T22:48:46.081883Z,dbcfc6,removed,true,,,
2026-01-06T22:48:46.652781Z,5ac686,removed,true,,,
2026-01-06T22:48:47.217321Z,d0b5cc,removed,true,,,
2026-01-06T22:48:47.775405Z,72fdb3,removed,true,,,
2026-01-06T22:48:48.320413Z,2d130c,removed,true,,,
2026-01-06T22:48:48.880181Z,2c7ee3,removed,true,,,
2026-01-06T22:48:49.527467Z,58cb24,removed,true,,,
2026-01-06T22:48:50.279228Z,481124,removed,true,,,
2026-01-06T22:48:50.848213Z,f8d597,removed,true,,,
2026-01-06T22:48:51.409973Z,d03878,removed,true,,,
2026-01-06T22:48:52.105665Z,199895,removed,true,,,
2026-01-06T22:48:52.723043Z,4b3ddf,removed,true,,,
2026-01-06T22:48:53.455003Z,1fb1d5,removed,true,,,
2026-01-06T22:48:54.033674Z,a4c9bb,removed,true,,,
2026-01-06T22:48:54.601560Z,12984a,removed,true,,,
2026-01-06T22:48:55.294592Z,410403,removed,true,,,
2026-01-06T22:48:56.010891Z,68fd25,removed,true,,,
2026-01-06T22:48:56.571288Z,c6f8e2,removed,true,,,
2026-01-06T22:48:57.128878Z,9a4bb8,removed,true,,,
2026-01-06T22:48:57.859739Z,c5c51f,removed,true,,,
2026-01-06T22:48:58.471708Z,a0e567,removed,true,,,
2026-01-06T22:48:59.189510Z,d2f262,removed,true,,,
2026-01-06T22:48:59.750818Z,393c41,removed,true,,,
2026-01-06T22:49:00.389836Z,114ad3,removed,true,,,
2026-01-06T22:49:01.129539Z,338f96,removed,true,,,
2026-01-06T22:49:01.852678Z,60a44b,removed,true,,,
2026-01-06T22:49:02.437543Z,80215b,removed,true,,,
2026-01-06T22:49:03.022578Z,3a47f3,removed,true,,,
2026-01-06T22:49:03.690008Z,8134ff,removed,true,,,
2026-01-06T22:49:04.411132Z,8c09ea,removed,true,,,
2026-01-06T22:49:04.995486Z,f9cfa8,removed,true,,,
2026-01-06T22:49:05.644491Z,8778d8,removed,true,,,
2026-01-06T22:49:06.227783Z,a7ce0a,removed,true,,,
2026-01-06T22:49:06.870613Z,024334,removed,true,,,
2026-01-06T22:49:07.684983Z,a73d85,removed,true,,,
2026-01-06T22:49:08.296158Z,4a275f,removed,true,,,
2026-01-06T22:49:09.118682Z,67ea95,removed,true,,,
2026-01-06T22:49:09.689263Z,8383bb,removed,true,,,
2026-01-06T22:49:10.351312Z,0de206,removed,true,,,
2026-01-06T22:49:10.962785Z,8ecc60,removed,true,,,
2026-01-06T22:49:11.784707Z,2a1185,removed,true,,,
2026-01-06T22:49:12.403820Z,b13600,removed,true,,,
2026-01-06T22:49:13.527498Z,68129a,removed,true,,,
2026-01-06T22:49:14.235877Z,87f80d,removed,true,,,
2026-01-06T22:49:15.063430Z,7fd4e2,removed,true,,,
2026-01-06T22:49:15.677528Z,cf3d69,removed,true,,,
2026-01-06T22:49:16.261422Z,8687be,removed,true,,,
2026-01-06T22:49:17.010762Z,546752,removed,true,,,
2026-01-06T22:49:17.573370Z,b4dd64,removed,true,,,
2026-01-06T22:49:18.135963Z,03d179,removed,true,,,
2026-01-06T22:49:18.692111Z,ac0fe1,removed,true,,,
2026-01-06T22:49:19.285900Z,b091b2,removed,true,,,
2026-01-06T22:49:19.872310Z,c81ddf,removed,true,,,
2026-01-06T22:49:20.693398Z,79fbc5,removed,true,,,
2026-01-06T22:49:21.243804Z,94b835,removed,true,,,
2026-01-06T22:49:21.812328Z,08bb96,removed,true,,,
2026-01-06T22:49:22.639119Z,f6e9c8,removed,true,,,
2026-01-06T22:49:23.254241Z,e88366,removed,true,,,
2026-01-06T22:49:23.853965Z,e23d6a,removed,true,,,
2026-01-06T22:49:24.413893Z,258d20,removed,true,,,
2026-01-06T22:49:24.968844Z,53798c,removed,true,,,
2026-01-06T22:49:25.558891Z,eca09d,removed,true,,,
2026-01-06T22:49:26.220930Z,32d303,removed,true,,,
2026-01-06T22:49:26.771130Z,67af2d,removed,true,,,
2026-01-06T22:49:27.311547Z,b5579f,removed,true,,,
2026-01-06T22:49:28.066730Z,0e6556,removed,true,,,
2026-01-06T22:49:28.624509Z,7a033a,removed,true,,,
2026-01-06T22:49:29.194073Z,6ceec3,removed,true,,,
2026-01-06T22:49:29.808984Z,06600f,removed,true,,,
2026-01-06T22:49:30.461508Z,08e92a,removed,true,,,
2026-01-06T22:49:31.139720Z,3e4740,removed,true,,,
